{"cameraMode":{"drawMode":0,"name":"Shaded","section":"Shading Mode"},"sceneLighting":true,"audioPlay":false,"sceneViewState":{"showFog":true,"showMaterialUpdate":false,"showSkybox":true,"showFlares":true,"showImageEffects":false,"showParticleSystems":true,"showVisualEffectGraphs":true,"m_FxEnabled":true},"in2DMode":false,"pivot":{"x":9.493027687072754,"y":22.74920082092285,"z":2.1357460021972658},"rotation":{"x":0.002442771103233099,"y":0.9929551482200623,"z":-0.020856693387031556,"w":0.11671045422554016},"size":22.317182540893556,"orthographic":false}