{"cameraMode":{"drawMode":0,"name":"Shaded","section":"Shading Mode"},"sceneLighting":false,"audioPlay":false,"sceneViewState":{"showFog":true,"showMaterialUpdate":false,"showSkybox":false,"showFlares":true,"showImageEffects":false,"showParticleSystems":true,"showVisualEffectGraphs":true,"m_FxEnabled":true},"in2DMode":false,"pivot":{"x":-0.22241047024726869,"y":-0.4732532203197479,"z":0.6880569458007813},"rotation":{"x":-0.00464594317600131,"y":-0.9837912917137146,"z":0.17749540507793427,"w":-0.025684135034680368},"size":2.8650736808776857,"orthographic":false}